Workbook

Sheet راهنما
A1: راهنمای فرم ثبت دستکش و اقلام قابل دریافت اتاق عمل
A3: چرا این فرم؟
A4: دستکش معاینه در اتاق عمل تا ۵ جفت برای هر عمل قابل دریافت از بیمه است. در فروردین تا شهریور ۱۴۰۵، ۵۹٬۰۰۰ عدد دستکش معاینه به اتاق عمل رفته و هیچ‌کدام روی پرونده ثبت نشده است.
A6: چه کسی، چه زمانی
A7: • پرستار سیار در پایان هر عمل تعداد جفت دستکش معاینه نیتریل و وینیل را که جدا از پک باز شده می‌نویسد.
A8: • منشی یا پرستار سیار «قابل ثبت (جفت)» را (حداکثر ۵ جفت) همان روز در HIS روی پرونده ثبت می‌کند و ستون «ثبت در HIS» را «بله» می‌زند.
A9: • سرپرستار اتاق عمل هر روز ردیف‌های قرمز («ثبت نشده در HIS») را پیگیری می‌کند.
A10: • ناظر دارویی هر هفته برگه «خلاصه» را بررسی و نتیجه را در گزارش دوشنبه می‌آورد.
A12: قواعد
A13: • دستکش داخل پک جنرال یا پک اعمال جراحی نوشته نشود؛ پک جزء فنی اتاق عمل است و جداگانه قابل دریافت نیست.
A14: • دستکش جراحی استریل جزو این فرم نیست و طبق روال فعلی ثبت می‌شود.
A15: • بیش از ۵ جفت در HIS ثبت نشود. مصرف واقعی بیشتر از ۵ جفت را در فرم بنویسید تا مصرف واقعی معلوم باشد، ولی در HIS فقط ۵ جفت ثبت کنید.
... A21: راهنمای رنگ: زرد = ورود داده | آبی = محاسبه خودکار | قرمز = نیاز به پیگیری

Sheet پارامترها
A1: پارامترهای فرم
A2: پارامتر | B2: مقدار | C2: منبع
A3: سقف دستکش معاینه قابل ثبت برای هر عمل (جفت) | B3: 5 | C3: جزوه هتلینگ ۱۴۰۵ دانشگاه علوم پزشکی ایران؛ «برای هر عمل» به تأیید ناظر دارویی
A4: قیمت فروش هر عدد دستکش نیتریل (ریال) | B4: 241920 | C4: آخرین قیمت فروش در گزارش HIS شهریور ۱۴۰۵؛ با تعرفه مصوب جایگزین شود
A5: قیمت فروش هر عدد دستکش وینیل (ریال) | B5: 170800 | C5: آخرین قیمت فروش در گزارش HIS شهریور ۱۴۰۵؛ با تعرفه مصوب جایگزین شود
A6: قیمت فروش هر واحد چسب (ریال) | B6: 181489 | C6: مرجع: چسب حصیری ۱۰×۱۰ نوافیکس (کد ۱۱۵۶۸۳)، پرمصرف‌ترین چسب؛ آخرین قیمت فروش HIS ۱۴۰۵
A7: قیمت فروش هر سرنگ (ریال) | B7: 110813 | C7: مرجع: سرنگ ۱۰ سی‌سی ویمد (کد ۱۱۹۱۹۴)، پرمصرف‌ترین سرنگ؛ ۵ سی‌سی ۷۸٬۰۱۲ و ۲ سی‌سی ۷۰٬۹۲۱ ریال
A8: قیمت فروش هر بسته گاز (ریال) | B8: 454026 | C8: مرجع: گاز ساده استریل ۱۰×۱۰ دولایه، بسته ۵ عددی (کد ۱۲۹۷۱۷)؛ آخرین قیمت فروش HIS ۱۴۰۵

Sheet ثبت روزانه
A1: فرم ثبت مصرف دستکش معاینه و اقلام قابل دریافت — اتاق عمل بیمارستان جم
A2: هر ردیف یک عمل. دستکش‌های داخل پک جنرال یا پک اعمال جراحی را ننویسید؛ فقط دستکش معاینه‌ای که جدا از پک باز شده است. سلول‌های زرد را پر کنید.
A3: ردیف | B3: تاریخ عمل | C3: شماره پرونده | D3: شماره اتاق | E3: نام عمل | F3: جراح | G3: پرستار سیار | H3: دستکش نیتریل (جفت) | I3: دستکش وینیل (جفت) | J3: جمع دستکش (جفت) | K3: قابل ثبت (جفت) | L3: مازاد بر سقف (جفت) | M3: چسب خارج از پک (واحد) | N3: سرنگ خارج از پک (عدد) | O3: گاز استریل خارج از پک (بسته ۵ عددی) | P3: ثبت در HIS | Q3: ثبت‌کننده HIS | R3: ارزش دستکش قابل ثبت (ریال) | S3: ارزش چسب، سرنگ و گاز (ریال) | T3: جمع ارزش قابل ثبت (ریال) | U3: وضعیت | V3: توضیح
A4: =IF(C4="","",ROW()-3) | J4: =IF(C4="","",N(H4)+N(I4)) | K4: =IF(C4="","",MIN(J4,پارامترها!$B$3)) | L4: =IF(C4="","",MAX(0,J4-پارامترها!$B$3)) | R4: =IF(OR(C4="",N(J4)=0),"",K4*2*(N(H4)*پارامترها!$B$4+N(I4)*پارامترها!$B$5)/J4) | S4: =IF(C4="","",N(M4)*پارامترها!$B$6+N(N4)*پارامترها!$B$7+N(O4)*پارامترها!$B$8) | T4: =IF(C4="","",N(R4)+N(S4)) | U4: =IF(C4="","",IF(P4<>"بله","ثبت نشده در HIS",IF(N(L4)>0,"ثبت‌شده؛ مازاد بر سقف","ثبت‌شده")))
A5: =IF(C5="","",ROW()-3) | J5: =IF(C5="","",N(H5)+N(I5)) | K5: =IF(C5="","",MIN(J5,پارامترها!$B$3)) | L5: =IF(C5="","",MAX(0,J5-پارامترها!$B$3)) | R5: =IF(OR(C5="",N(J5)=0),"",K5*2*(N(H5)*پارامترها!$B$4+N(I5)*پارامترها!$B$5)/J5) | S5: =IF(C5="","",N(M5)*پارامترها!$B$6+N(N5)*پارامترها!$B$7+N(O5)*پارامترها!$B$8) | T5: =IF(C5="","",N(R5)+N(S5)) | U5: =IF(C5="","",IF(P5<>"بله","ثبت نشده در HIS",IF(N(L5)>0,"ثبت‌شده؛ مازاد بر سقف","ثبت‌شده")))
A6: =IF(C6="","",ROW()-3) | J6: =IF(C6="","",N(H6)+N(I6)) | K6: =IF(C6="","",MIN(J6,پارامترها!$B$3)) | L6: =IF(C6="","",MAX(0,J6-پارامترها!$B$3)) | R6: =IF(OR(C6="",N(J6)=0),"",K6*2*(N(H6)*پارامترها!$B$4+N(I6)*پارامترها!$B$5)/J6) | S6: =IF(C6="","",N(M6)*پارامترها!$B$6+N(N6)*پارامترها!$B$7+N(O6)*پارامترها!$B$8) | T6: =IF(C6="","",N(R6)+N(S6)) | U6: =IF(C6="","",IF(P6<>"بله","ثبت نشده در HIS",IF(N(L6)>0,"ثبت‌شده؛ مازاد بر سقف","ثبت‌شده")))
A7: =IF(C7="","",ROW()-3) | J7: =IF(C7="","",N(H7)+N(I7)) | K7: =IF(C7="","",MIN(J7,پارامترها!$B$3)) | L7: =IF(C7="","",MAX(0,J7-پارامترها!$B$3)) | R7: =IF(OR(C7="",N(J7)=0),"",K7*2*(N(H7)*پارامترها!$B$4+N(I7)*پارامترها!$B$5)/J7) | S7: =IF(C7="","",N(M7)*پارامترها!$B$6+N(N7)*پارامترها!$B$7+N(O7)*پارامترها!$B$8) | T7: =IF(C7="","",N(R7)+N(S7)) | U7: =IF(C7="","",IF(P7<>"بله","ثبت نشده در HIS",IF(N(L7)>0,"ثبت‌شده؛ مازاد بر سقف","ثبت‌شده")))
A8: =IF(C8="","",ROW()-3) | J8: =IF(C8="","",N(H8)+N(I8)) | K8: =IF(C8="","",MIN(J8,پارامترها!$B$3)) | L8: =IF(C8="","",MAX(0,J8-پارامترها!$B$3)) | R8: =IF(OR(C8="",N(J8)=0),"",K8*2*(N(H8)*پارامترها!$B$4+N(I8)*پارامترها!$B$5)/J8) | S8: =IF(C8="","",N(M8)*پارامترها!$B$6+N(N8)*پارامترها!$B$7+N(O8)*پارامترها!$B$8) | T8: =IF(C8="","",N(R8)+N(S8)) | U8: =IF(C8="","",IF(P8<>"بله","ثبت نشده در HIS",IF(N(L8)>0,"ثبت‌شده؛ مازاد بر سقف","ثبت‌شده")))
A9: =IF(C9="","",ROW()-3) | J9: =IF(C9="","",N(H9)+N(I9)) | K9: =IF(C9="","",MIN(J9,پارامترها!$B$3)) | L9: =IF(C9="","",MAX(0,J9-پارامترها!$B$3)) | R9: =IF(OR(C9="",N(J9)=0),"",K9*2*(N(H9)*پارامترها!$B$4+N(I9)*پارامترها!$B$5)/J9) | S9: =IF(C9="","",N(M9)*پارامترها!$B$6+N(N9)*پارامترها!$B$7+N(O9)*پارامترها!$B$8) | T9: =IF(C9="","",N(R9)+N(S9)) | U9: =IF(C9="","",IF(P9<>"بله","ثبت نشده در HIS",IF(N(L9)>0,"ثبت‌شده؛ مازاد بر سقف","ثبت‌شده")))
A10: =IF(C10="","",ROW()-3) | J10: =IF(C10="","",N(H10)+N(I10)) | K10: =IF(C10="","",MIN(J10,پارامترها!$B$3)) | L10: =IF(C10="","",MAX(0,J10-پارامترها!$B$3)) | R10: =IF(OR(C10="",N(J10)=0),"",K10*2*(N(H10)*پارامترها!$B$4+N(I10)*پارامترها!$B$5)/J10) | S10: =IF(C10="","",N(M10)*پارامترها!$B$6+N(N10)*پارامترها!$B$7+N(O10)*پارامترها!$B$8) | T10: =IF(C10="","",N(R10)+N(S10)) | U10: =IF(C10="","",IF(P10<>"بله","ثبت نشده در HIS",IF(N(L10)>0,"ثبت‌شده؛ مازاد بر سقف","ثبت‌شده")))
A11: =IF(C11="","",ROW()-3) | J11: =IF(C11="","",N(H11)+N(I11)) | K11: =IF(C11="","",MIN(J11,پارامترها!$B$3)) | L11: =IF(C11="","",MAX(0,J11-پارامترها!$B$3)) | R11: =IF(OR(C11="",N(J11)=0),"",K11*2*(N(H11)*پارامترها!$B$4+N(I11)*پارامترها!$B$5)/J11) | S11: =IF(C11="","",N(M11)*پارامترها!$B$6+N(N11)*پارامترها!$B$7+N(O11)*پارامترها!$B$8) | T11: =IF(C11="","",N(R11)+N(S11)) | U11: =IF(C11="","",IF(P11<>"بله","ثبت نشده در HIS",IF(N(L11)>0,"ثبت‌شده؛ مازاد بر سقف","ثبت‌شده")))
A12: =IF(C12="","",ROW()-3) | J12: =IF(C12="","",N(H12)+N(I12)) | K12: =IF(C12="","",MIN(J12,پارامترها!$B$3)) | L12: =IF(C12="","",MAX(0,J12-پارامترها!$B$3)) | R12: =IF(OR(C12="",N(J12)=0),"",K12*2*(N(H12)*پارامترها!$B$4+N(I12)*پارامترها!$B$5)/J12) | S12: =IF(C12="","",N(M12)*پارامترها!$B$6+N(N12)*پارامترها!$B$7+N(O12)*پارامترها!$B$8) | T12: =IF(C12="","",N(R12)+N(S12)) | U12: =IF(C12="","",IF(P12<>"بله","ثبت نشده در HIS",IF(N(L12)>0,"ثبت‌شده؛ مازاد بر سقف","ثبت‌شده")))
A13: =IF(C13="","",ROW()-3) | J13: =IF(C13="","",N(H13)+N(I13)) | K13: =IF(C13="","",MIN(J13,پارامترها!$B$3)) | L13: =IF(C13="","",MAX(0,J13-پارامترها!$B$3)) | R13: =IF(OR(C13="",N(J13)=0),"",K13*2*(N(H13)*پارامترها!$B$4+N(I13)*پارامترها!$B$5)/J13) | S13: =IF(C13="","",N(M13)*پارامترها!$B$6+N(N13)*پارامترها!$B$7+N(O13)*پارامترها!$B$8) | T13: =IF(C13="","",N(R13)+N(S13)) | U13: =IF(C13="","",IF(P13<>"بله","ثبت نشده در HIS",IF(N(L13)>0,"ثبت‌شده؛ مازاد بر سقف","ثبت‌شده")))
A14: =IF(C14="","",ROW()-3) | J14: =IF(C14="","",N(H14)+N(I14)) | K14: =IF(C14="","",MIN(J14,پارامترها!$B$3)) | L14: =IF(C14="","",MAX(0,J14-پارامترها!$B$3)) | R14: =IF(OR(C14="",N(J14)=0),"",K14*2*(N(H14)*پارامترها!$B$4+N(I14)*پارامترها!$B$5)/J14) | S14: =IF(C14="","",N(M14)*پارامترها!$B$6+N(N14)*پارامترها!$B$7+N(O14)*پارامترها!$B$8) | T14: =IF(C14="","",N(R14)+N(S14)) | U14: =IF(C14="","",IF(P14<>"بله","ثبت نشده در HIS",IF(N(L14)>0,"ثبت‌شده؛ مازاد بر سقف","ثبت‌شده")))
A15: =IF(C15="","",ROW()-3) | J15: =IF(C15="","",N(H15)+N(I15)) | K15: =IF(C15="","",MIN(J15,پارامترها!$B$3)) | L15: =IF(C15="","",MAX(0,J15-پارامترها!$B$3)) | R15: =IF(OR(C15="",N(J15)=0),"",K15*2*(N(H15)*پارامترها!$B$4+N(I15)*پارامترها!$B$5)/J15) | S15: =IF(C15="","",N(M15)*پارامترها!$B$6+N(N15)*پارامترها!$B$7+N(O15)*پارامترها!$B$8) | T15: =IF(C15="","",N(R15)+N(S15)) | U15: =IF(C15="","",IF(P15<>"بله","ثبت نشده در HIS",IF(N(L15)>0,"ثبت‌شده؛ مازاد بر سقف","ثبت‌شده")))
... A303: =IF(C303="","",ROW()-3) | J303: =IF(C303="","",N(H303)+N(I303)) | K303: =IF(C303="","",MIN(J303,پارامترها!$B$3)) | L303: =IF(C303="","",MAX(0,J303-پارامترها!$B$3)) | R303: =IF(OR(C303="",N(J303)=0),"",K303*2*(N(H303)*پارامترها!$B$4+N(I303)*پارامترها!$B$5)/J303) | S303: =IF(C303="","",N(M303)*پارامترها!$B$6+N(N303)*پارامترها!$B$7+N(O303)*پارامترها!$B$8) | T303: =IF(C303="","",N(R303)+N(S303)) | U303: =IF(C303="","",IF(P303<>"بله","ثبت نشده در HIS",IF(N(L303)>0,"ثبت‌شده؛ مازاد بر سقف","ثبت‌شده")))

Sheet فهرست
A1: بله
A2: خیر

Sheet خلاصه
A1: خلاصه ثبت دستکش اتاق عمل
A3: تعداد عمل ثبت‌شده در فرم | B3: =COUNTA('ثبت روزانه'!$C$4:$C$303) -> 0
A4: عمل‌هایی که دستکش در HIS ثبت شده | B4: =COUNTIF('ثبت روزانه'!$P$4:$P$303,"بله") -> 0
A5: نرخ ثبت در HIS | B5: =IFERROR(B4/B3,0) -> 0
A6: جمع دستکش معاینه مصرفی (جفت) | B6: =SUM('ثبت روزانه'!$J$4:$J$303) -> 0
A7: دستکش قابل ثبت (جفت) | B7: =SUM('ثبت روزانه'!$K$4:$K$303) -> 0
A8: مازاد بر سقف — غیرقابل ثبت (جفت) | B8: =SUM('ثبت روزانه'!$L$4:$L$303) -> 0
A9: عمل‌هایی با مصرف بیش از ۵ جفت | B9: =COUNTIF('ثبت روزانه'!$L$4:$L$303,">0") -> 0
A10: میانگین دستکش به ازای هر عمل (جفت) | B10: =IFERROR(B6/B3,0) -> 0
A11: ارزش دستکش قابل ثبت (ریال) | B11: =SUM('ثبت روزانه'!$R$4:$R$303) -> 0
A12: چسب خارج از پک (واحد) | B12: =SUM('ثبت روزانه'!$M$4:$M$303) -> 0
A13: سرنگ خارج از پک (عدد) | B13: =SUM('ثبت روزانه'!$N$4:$N$303) -> 0
A14: گاز استریل خارج از پک (بسته) | B14: =SUM('ثبت روزانه'!$O$4:$O$303) -> 0
A15: ارزش چسب، سرنگ و گاز (ریال) | B15: =SUM('ثبت روزانه'!$S$4:$S$303) -> 0
A16: جمع ارزش قابل ثبت (ریال) | B16: =SUM('ثبت روزانه'!$T$4:$T$303) -> 0
A17: جمع ارزش قابل ثبتی که در HIS ثبت نشده (ریال) | B17: =SUMIF('ثبت روزانه'!$P$4:$P$303,"<>بله",'ثبت روزانه'!$T$4:$T$303) -> 0
A19: ارزش‌ها با قیمت‌های برگه «پارامترها» حساب می‌شوند. قیمت چسب، سرنگ و گاز بر اساس پرمصرف‌ترین قلم هر گروه است؛ اگر اتاق عمل قلم دیگری مصرف می‌کند، قیمت را همان‌جا عوض کنید.
